day,date,pillar,hook,caption,hashtags,cta
1,2026-08-10,myth_busting,Willpower isn't broken. Your diet is.,"You didn't fail every diet because you lack discipline. The second a food gets banned, your brain wants it more -- it's called reactance, and it's why ""cheat days"" turn into benders. The Anything Meal Method skips the ban entirely: 4 days of simple meals, 3 nights where you eat whatever you want, on purpose.",#stopdieting #bingeeatingrecovery #dietculturedropout #foodfreedom,Comment MEAL and I'll send you the link
1,2026-08-10,relatable_story,"POV: you've ""started over"" on Monday 47 times.","I don't say that to be dramatic -- restrictive diets fail almost everyone eventually, that's not a you problem. What actually changed things wasn't a stricter plan, it was one that scheduled the meals I actually wanted instead of banning them.",#stopdieting #dietculturedropout #bingeeatingrecovery,Link in bio if you're curious how it works
1,2026-08-10,quick_tip,"Breakfast is just ""peel, cut, blend."" That's it.","Core routine days aren't complicated -- breakfast is a juice or smoothie, lunch is 3 pieces of fruit eaten alone, dinner alternates carb-based and protein-based. No recipes to master, no cooking four separate meals for four different people.",#healthylifestyle #weightlosstips #dietingtips,Link in bio for the full 7-day starter plan
2,2026-08-11,myth_busting,Cheat meals aren't the problem. Guilt is.,"Every ""diet"" I tried had a cheat day I dreaded and then regretted. Turns out the guilt afterward was doing more damage than the food itself. This method flips it -- the indulgent meal isn't a slip-up, it's scheduled. No shame spiral, because there's nothing to feel ashamed of.",#noguilt #weightlosstips #cravingscontrol,Link in bio
2,2026-08-11,quick_tip,"3 rules. That's the whole ""food science"" part.","You don't need a nutrition degree for this. Eat fruit alone. Don't mix protein and starchy carbs at the same meal. Drink water 30 minutes before or after eating, not during. Most people notice a digestion/energy difference inside 2 weeks.",#weightlosstips #healthylifestyle #dietingtips,Link in bio for the full breakdown
2,2026-08-11,social_proof,"Built by a trainer, not a trend.","This isn't a framework I stitched together from TikTok comments -- it's the exact structure a certified personal trainer used to coach real clients out of the restrict-binge cycle, written down so you don't need a coach to follow it.",#personaltrainer #weightlossjourney #fitnesstok,"Link in bio -- $10, instant download"
3,2026-08-12,relatable_story,"POV: it's Tuesday and you already ""ruined"" your diet.","Every diet I did had this moment -- one bite off-plan and suddenly the whole week was ""ruined"" so I might as well eat everything. That spiral isn't a willpower problem, it's a design flaw in restrictive diets. This gives your cravings a scheduled seat at the table 3 nights a week instead.",#bingeeatingrecovery #dietculturedropout #foodfreedom,Link in bio
3,2026-08-12,quick_tip,"If 4 days feels impossible, start with 2.","You do not need to nail this perfectly on day one. Start with core routine meals Monday + Tuesday only, and add a day each week until you're at 4. A method you'll actually finish beats a ""perfect"" plan you quit by Thursday.",#healthylifestyle #weightlosstips #sustainableweightloss,Link in bio for the full starter plan
3,2026-08-12,myth_busting,"Food combining rules aren't about ""clean eating.""","Fruit alone, protein OR carbs (not both), water away from meals -- these 3 rules aren't about morality or ""clean"" vs ""dirty"" food. No food is off limits, no guilt attached to any of it.",#dietingtips #weightlosstips #healthylifestyle,Link in bio
4,2026-08-13,quick_tip,Your planned indulgent meal has one rule: sit down.,"The #1 mistake with any planned indulgent meal -- eating it standing at the counter like it's about to be taken away. Sit down. Slow down. Taste it. It comes back next week, there's no reason to eat 3 days' worth in one sitting.",#cravingscontrol #noguilt #bingeeatingrecovery,Comment ANYTHING and I'll send the link
4,2026-08-13,social_proof,Why this works when nothing else did.,"Every diet that told you ""never again"" to a food group was setting you up to want it more. This one gives your cravings a scheduled outlet instead of fighting them -- most people find their cravings actually shrink over a few weeks. Built from years of real client coaching.",#weightlossjourney #sustainableweightloss #personaltrainer,Link in bio
4,2026-08-13,relatable_story,"I stopped calling Friday dinner a ""cheat meal.""","Changing the label changed the behavior. When Friday's dinner became my scheduled Anything Meal instead of a ""cheat,"" I stopped white-knuckling through the week and bingeing when I got there. Still whatever I want -- just planned instead of desperate.",#foodfreedom #dietculturedropout #stopdieting,Link in bio for the full framework
5,2026-08-14,myth_busting,You do not need to earn your Friday dinner.,"This isn't a reward for a ""good"" week. Not a prize for eating perfectly Mon-Thu. It's just part of the plan, on the calendar from day one -- because food you have to earn is food you'll eventually binge on.",#noguilt #dietculturedropout #foodfreedom,Link in bio
5,2026-08-14,social_proof,$10 and 18 pages. That's the whole guide.,"No course, no coaching calls, no upsells -- one guide, the 4:3 structure, the 3 food rules, a 7-day starter plan + grocery list, and the exact affirmations to say each day. Everything you need to start Monday.",#weightlosstips #sustainableweightloss #healthylifestyle,Link in bio -- $10
5,2026-08-14,quick_tip,It's Friday. Here's how to actually enjoy dinner tonight.,"If tonight is your planned indulgent meal: sit down, eat slow, and remind yourself it comes back next week. That one mental shift is the difference between a meal and a binge.",#cravingscontrol #noguilt #weightlosstips,Link in bio for the full method
6,2026-08-15,relatable_story,Saturday used to be my worst food day. Now it's my easiest.,"Weekends used to be where every diet fell apart for me -- too many decisions, too much guilt either way. Having Saturday dinner already planned as my Anything Meal took the decision-making (and the guilt) out of it completely.",#foodfreedom #stopdieting #bingeeatingrecovery,Link in bio for the full 7-day plan
6,2026-08-15,social_proof,"""I don't need every meal to be perfect.""","That's one of the 5 daily affirmations in the guide -- said once in the morning, once before your evening meal. Small habit, but it's the line that actually rewires what ""normal"" eating feels like.",#weightlossjourney #healthylifestyle #personaltrainer,Link in bio for the full script + method
6,2026-08-15,quick_tip,"Shop for 4 days at a time, not 7.","Small logistics tip that makes this actually sustainable: buy produce for 3-4 days so nothing wilts before you use it. Full starter grocery list (exact greens, fruit, veg, protein) is in the guide.",#healthylifestyle #dietingtips #weightlosstips,Link in bio
7,2026-08-16,social_proof,One week of DMs about this guide -- here's the pattern.,"The message I keep getting since this dropped: ""I didn't think a $10 PDF would actually change how I think about food."" It's not magic, it's just the first plan that didn't ask you to ban anything.",#weightlossjourney #foodfreedom #sustainableweightloss,Link in bio if you haven't grabbed it yet
7,2026-08-16,myth_busting,"You don't need Monday to ""start over.""","You can start the 4:3 structure on any day of the week -- Monday's just the easiest to plan around. Waiting for the ""perfect"" start date is its own form of restriction thinking.",#stopdieting #dietculturedropout #foodfreedom,"Link in bio, start whenever you're ready"
7,2026-08-16,relatable_story,"The diet that finally ""clicked"" wasn't stricter. It was smaller.","Every diet that failed me tried to change everything about how I ate, all at once. This one only asks for 4 days of simple meals -- and lets the rest of the week just be normal, guilt-free eating. That's the whole reason it stuck.",#foodfreedom #bingeeatingrecovery #dietculturedropout,Link in bio
